id,uuid,name,kotkab_id,email,email_verified_at,jabatan,supervisor_id,password,active
1,35a1e5db-7ead-43ca-a326-2e2b4d5ffa35,Penerima Pengaduan Team 1,,pengaduan_team1@moka.ol  ,,Penerima Pengaduan,0,$2y$10$o5g3uSPxMY7/QfRErCP8fufH3NLSJivnfhvGgbf7HrIByL6FvsGwS,1
2,35a1e5db-7ead-43ca-a326-2e2b4d5ffa36,Penerima Pengaduan Team 2,,pengaduan_team2@moka.ol  ,,Penerima Pengaduan,0,$2y$10$o5g3uSPxMY7/QfRErCP8fufH3NLSJivnfhvGgbf7HrIByL6FvsGwS,1
3,35a1e5db-7ead-43ca-a326-2e2b4d5ffa37,Penerima Pengaduan Team 3,,pengaduan_team3@moka.ol  ,,Penerima Pengaduan,0,$2y$10$o5g3uSPxMY7/QfRErCP8fufH3NLSJivnfhvGgbf7HrIByL6FvsGwS,1
4,35a1e5db-7ead-43ca-a326-2e2b4d5ffa38,Penerima Pengaduan Team 4,,pengaduan_team4@moka.ol  ,,Penerima Pengaduan,0,$2y$10$o5g3uSPxMY7/QfRErCP8fufH3NLSJivnfhvGgbf7HrIByL6FvsGwS,1
5,35a1e5db-7ead-43ca-a326-2e2b4d5ffa39,Penerima Pengaduan Team 5,,pengaduan_team5@moka.ol  ,,Penerima Pengaduan,0,$2y$10$o5g3uSPxMY7/QfRErCP8fufH3NLSJivnfhvGgbf7HrIByL6FvsGwS,1
6,35a1e5db-7ead-43ca-a326-2e2b4d5ffa40,Penerima Pengaduan Team 6,,pengaduan_team6@moka.ol  ,,Penerima Pengaduan,0,$2y$10$o5g3uSPxMY7/QfRErCP8fufH3NLSJivnfhvGgbf7HrIByL6FvsGwS,1
7,35a1e5db-7ead-43ca-a326-2e2b4d5ffa41,Penerima Pengaduan Team 7,,pengaduan_team7@moka.ol  ,,Penerima Pengaduan,0,$2y$10$o5g3uSPxMY7/QfRErCP8fufH3NLSJivnfhvGgbf7HrIByL6FvsGwS,1
8,35a1e5db-7ead-43ca-a326-2e2b4d5ffa42,Penerima Pengaduan Team 8,,pengaduan_team8@moka.ol  ,,Penerima Pengaduan,0,$2y$10$o5g3uSPxMY7/QfRErCP8fufH3NLSJivnfhvGgbf7HrIByL6FvsGwS,1
9,35a1e5db-7ead-43ca-a326-2e2b4d5ffa43,Penerima Pengaduan Team 9,,pengaduan_team9@moka.ol  ,,Penerima Pengaduan,0,$2y$10$o5g3uSPxMY7/QfRErCP8fufH3NLSJivnfhvGgbf7HrIByL6FvsGwS,1
10,35a1e5db-7ead-43ca-a326-2e2b4d5ffa44,Penerima Pengaduan Team 10,,pengaduan_team10@moka.ol  ,,Penerima Pengaduan,0,$2y$10$o5g3uSPxMY7/QfRErCP8fufH3NLSJivnfhvGgbf7HrIByL6FvsGwS,1
11,35a1e5db-7ead-43ca-a326-2e2b4d5ffa45,Penerima Pengaduan Team 11,,pengaduan_team11@moka.ol  ,,Penerima Pengaduan,0,$2y$10$o5g3uSPxMY7/QfRErCP8fufH3NLSJivnfhvGgbf7HrIByL6FvsGwS,1
12,35a1e5db-7ead-43ca-a326-2e2b4d5ffa46,Penerima Pengaduan Team 12,,pengaduan_team12@moka.ol  ,,Penerima Pengaduan,0,$2y$10$o5g3uSPxMY7/QfRErCP8fufH3NLSJivnfhvGgbf7HrIByL6FvsGwS,1
13,35a1e5db-7ead-43ca-a326-2e2b4d5ffa47,Penerima Pengaduan Team 13,,pengaduan_team13@moka.ol  ,,Penerima Pengaduan,0,$2y$10$o5g3uSPxMY7/QfRErCP8fufH3NLSJivnfhvGgbf7HrIByL6FvsGwS,1
14,35a1e5db-7ead-43ca-a326-2e2b4d5ffa48,Penerima Pengaduan Team 14,,pengaduan_team14@moka.ol  ,,Penerima Pengaduan,0,$2y$10$o5g3uSPxMY7/QfRErCP8fufH3NLSJivnfhvGgbf7HrIByL6FvsGwS,1
15,35a1e5db-7ead-43ca-a326-2e2b4d5ffa49,Penerima Pengaduan Team 15,,pengaduan_team15@moka.ol  ,,Penerima Pengaduan,0,$2y$10$o5g3uSPxMY7/QfRErCP8fufH3NLSJivnfhvGgbf7HrIByL6FvsGwS,1
16,35a1e5db-7ead-43ca-a326-2e2b4d5ffa50,Penerima Pengaduan Team 16,,pengaduan_team16@moka.ol  ,,Penerima Pengaduan,0,$2y$10$o5g3uSPxMY7/QfRErCP8fufH3NLSJivnfhvGgbf7HrIByL6FvsGwS,1
17,35a1e5db-7ead-43ca-a326-2e2b4d5ffa51,Penerima Pengaduan Team 17,,pengaduan_team17@moka.ol  ,,Penerima Pengaduan,0,$2y$10$o5g3uSPxMY7/QfRErCP8fufH3NLSJivnfhvGgbf7HrIByL6FvsGwS,1
18,35a1e5db-7ead-43ca-a326-2e2b4d5ffa52,Penerima Pengaduan Team 18,,pengaduan_team18@moka.ol  ,,Penerima Pengaduan,0,$2y$10$o5g3uSPxMY7/QfRErCP8fufH3NLSJivnfhvGgbf7HrIByL6FvsGwS,1
19,35a1e5db-7ead-43ca-a326-2e2b4d5ffa53,Penerima Pengaduan Team 19,,pengaduan_team19@moka.ol  ,,Penerima Pengaduan,0,$2y$10$o5g3uSPxMY7/QfRErCP8fufH3NLSJivnfhvGgbf7HrIByL6FvsGwS,1
20,35a1e5db-7ead-43ca-a326-2e2b4d5ffa54,Penerima Pengaduan Team 20,,pengaduan_team20@moka.ol  ,,Penerima Pengaduan,0,$2y$10$o5g3uSPxMY7/QfRErCP8fufH3NLSJivnfhvGgbf7HrIByL6FvsGwS,1
21,35a1e5db-7ead-43ca-a326-2e2b4d5ffa55,Penerima Pengaduan Team 21,,pengaduan_team21@moka.ol  ,,Penerima Pengaduan,0,$2y$10$o5g3uSPxMY7/QfRErCP8fufH3NLSJivnfhvGgbf7HrIByL6FvsGwS,1
22,35a1e5db-7ead-43ca-a326-2e2b4d5ffa56,Penerima Pengaduan Team 22,,pengaduan_team22@moka.ol  ,,Penerima Pengaduan,0,$2y$10$o5g3uSPxMY7/QfRErCP8fufH3NLSJivnfhvGgbf7HrIByL6FvsGwS,1
23,35a1e5db-7ead-43ca-a326-2e2b4d5ffa57,Penerima Pengaduan Team 23,,pengaduan_team23@moka.ol  ,,Penerima Pengaduan,0,$2y$10$o5g3uSPxMY7/QfRErCP8fufH3NLSJivnfhvGgbf7HrIByL6FvsGwS,1
24,35a1e5db-7ead-43ca-a326-2e2b4d5ffa58,Penerima Pengaduan Team 24,,pengaduan_team24@moka.ol  ,,Penerima Pengaduan,0,$2y$10$o5g3uSPxMY7/QfRErCP8fufH3NLSJivnfhvGgbf7HrIByL6FvsGwS,1
25,35a1e5db-7ead-43ca-a326-2e2b4d5ffa59,Penerima Pengaduan Team 25,,pengaduan_team25@moka.ol  ,,Penerima Pengaduan,0,$2y$10$o5g3uSPxMY7/QfRErCP8fufH3NLSJivnfhvGgbf7HrIByL6FvsGwS,1
26,35a1e5db-7ead-43ca-a326-2e2b4d5ffa60,Penerima Pengaduan Team 26,,pengaduan_team26@moka.ol  ,,Penerima Pengaduan,0,$2y$10$o5g3uSPxMY7/QfRErCP8fufH3NLSJivnfhvGgbf7HrIByL6FvsGwS,1
27,35a1e5db-7ead-43ca-a326-2e2b4d5ffa61,Penerima Pengaduan Team 27,,pengaduan_team27@moka.ol  ,,Penerima Pengaduan,0,$2y$10$o5g3uSPxMY7/QfRErCP8fufH3NLSJivnfhvGgbf7HrIByL6FvsGwS,1
28,35a1e5db-7ead-43ca-a326-2e2b4d5ffa62,Penerima Pengaduan Team 28,,pengaduan_team28@moka.ol  ,,Penerima Pengaduan,0,$2y$10$o5g3uSPxMY7/QfRErCP8fufH3NLSJivnfhvGgbf7HrIByL6FvsGwS,1
29,35a1e5db-7ead-43ca-a326-2e2b4d5ffa63,Penerima Pengaduan Team 29,,pengaduan_team29@moka.ol  ,,Penerima Pengaduan,0,$2y$10$o5g3uSPxMY7/QfRErCP8fufH3NLSJivnfhvGgbf7HrIByL6FvsGwS,1
30,35a1e5db-7ead-43ca-a326-2e2b4d5ffa64,Supervisor Kasus Team 1,,spv_team1@moka.ol  ,,Supervisor Kasus,0,$2y$10$o5g3uSPxMY7/QfRErCP8fufH3NLSJivnfhvGgbf7HrIByL6FvsGwS,1
31,35a1e5db-7ead-43ca-a326-2e2b4d5ffa65,Supervisor Kasus Team 2,,spv_team2@moka.ol  ,,Supervisor Kasus,0,$2y$10$o5g3uSPxMY7/QfRErCP8fufH3NLSJivnfhvGgbf7HrIByL6FvsGwS,1
32,35a1e5db-7ead-43ca-a326-2e2b4d5ffa66,Supervisor Kasus Team 3,,spv_team3@moka.ol  ,,Supervisor Kasus,0,$2y$10$o5g3uSPxMY7/QfRErCP8fufH3NLSJivnfhvGgbf7HrIByL6FvsGwS,1
33,35a1e5db-7ead-43ca-a326-2e2b4d5ffa67,Supervisor Kasus Team 4,,spv_team4@moka.ol  ,,Supervisor Kasus,0,$2y$10$o5g3uSPxMY7/QfRErCP8fufH3NLSJivnfhvGgbf7HrIByL6FvsGwS,1
34,35a1e5db-7ead-43ca-a326-2e2b4d5ffa68,Supervisor Kasus Team 5,,spv_team5@moka.ol  ,,Supervisor Kasus,0,$2y$10$o5g3uSPxMY7/QfRErCP8fufH3NLSJivnfhvGgbf7HrIByL6FvsGwS,1
35,35a1e5db-7ead-43ca-a326-2e2b4d5ffa69,Supervisor Kasus Team 6,,spv_team6@moka.ol  ,,Supervisor Kasus,0,$2y$10$o5g3uSPxMY7/QfRErCP8fufH3NLSJivnfhvGgbf7HrIByL6FvsGwS,1
36,35a1e5db-7ead-43ca-a326-2e2b4d5ffa70,Supervisor Kasus Team 7,,spv_team7@moka.ol  ,,Supervisor Kasus,0,$2y$10$o5g3uSPxMY7/QfRErCP8fufH3NLSJivnfhvGgbf7HrIByL6FvsGwS,1
37,35a1e5db-7ead-43ca-a326-2e2b4d5ffa71,Supervisor Kasus Team 8,,spv_team8@moka.ol  ,,Supervisor Kasus,0,$2y$10$o5g3uSPxMY7/QfRErCP8fufH3NLSJivnfhvGgbf7HrIByL6FvsGwS,1
38,35a1e5db-7ead-43ca-a326-2e2b4d5ffa72,Supervisor Kasus Team 9,,spv_team9@moka.ol  ,,Supervisor Kasus,0,$2y$10$o5g3uSPxMY7/QfRErCP8fufH3NLSJivnfhvGgbf7HrIByL6FvsGwS,1
39,35a1e5db-7ead-43ca-a326-2e2b4d5ffa73,Supervisor Kasus Team 10,,spv_team10@moka.ol  ,,Supervisor Kasus,0,$2y$10$o5g3uSPxMY7/QfRErCP8fufH3NLSJivnfhvGgbf7HrIByL6FvsGwS,1
40,35a1e5db-7ead-43ca-a326-2e2b4d5ffa74,Supervisor Kasus Team 11,,spv_team11@moka.ol  ,,Supervisor Kasus,0,$2y$10$o5g3uSPxMY7/QfRErCP8fufH3NLSJivnfhvGgbf7HrIByL6FvsGwS,1
41,35a1e5db-7ead-43ca-a326-2e2b4d5ffa75,Supervisor Kasus Team 12,,spv_team12@moka.ol  ,,Supervisor Kasus,0,$2y$10$o5g3uSPxMY7/QfRErCP8fufH3NLSJivnfhvGgbf7HrIByL6FvsGwS,1
42,35a1e5db-7ead-43ca-a326-2e2b4d5ffa76,Supervisor Kasus Team 13,,spv_team13@moka.ol  ,,Supervisor Kasus,0,$2y$10$o5g3uSPxMY7/QfRErCP8fufH3NLSJivnfhvGgbf7HrIByL6FvsGwS,1
43,35a1e5db-7ead-43ca-a326-2e2b4d5ffa77,Supervisor Kasus Team 14,,spv_team14@moka.ol  ,,Supervisor Kasus,0,$2y$10$o5g3uSPxMY7/QfRErCP8fufH3NLSJivnfhvGgbf7HrIByL6FvsGwS,1
44,35a1e5db-7ead-43ca-a326-2e2b4d5ffa78,Supervisor Kasus Team 15,,spv_team15@moka.ol  ,,Supervisor Kasus,0,$2y$10$o5g3uSPxMY7/QfRErCP8fufH3NLSJivnfhvGgbf7HrIByL6FvsGwS,1
45,35a1e5db-7ead-43ca-a326-2e2b4d5ffa79,Supervisor Kasus Team 16,,spv_team16@moka.ol  ,,Supervisor Kasus,0,$2y$10$o5g3uSPxMY7/QfRErCP8fufH3NLSJivnfhvGgbf7HrIByL6FvsGwS,1
46,35a1e5db-7ead-43ca-a326-2e2b4d5ffa80,Supervisor Kasus Team 17,,spv_team17@moka.ol  ,,Supervisor Kasus,0,$2y$10$o5g3uSPxMY7/QfRErCP8fufH3NLSJivnfhvGgbf7HrIByL6FvsGwS,1
47,35a1e5db-7ead-43ca-a326-2e2b4d5ffa81,Supervisor Kasus Team 18,,spv_team18@moka.ol  ,,Supervisor Kasus,0,$2y$10$o5g3uSPxMY7/QfRErCP8fufH3NLSJivnfhvGgbf7HrIByL6FvsGwS,1
48,35a1e5db-7ead-43ca-a326-2e2b4d5ffa82,Supervisor Kasus Team 19,,spv_team19@moka.ol  ,,Supervisor Kasus,0,$2y$10$o5g3uSPxMY7/QfRErCP8fufH3NLSJivnfhvGgbf7HrIByL6FvsGwS,1
49,35a1e5db-7ead-43ca-a326-2e2b4d5ffa83,Supervisor Kasus Team 20,,spv_team20@moka.ol  ,,Supervisor Kasus,0,$2y$10$o5g3uSPxMY7/QfRErCP8fufH3NLSJivnfhvGgbf7HrIByL6FvsGwS,1
50,35a1e5db-7ead-43ca-a326-2e2b4d5ffa84,Supervisor Kasus Team 21,,spv_team21@moka.ol  ,,Supervisor Kasus,0,$2y$10$o5g3uSPxMY7/QfRErCP8fufH3NLSJivnfhvGgbf7HrIByL6FvsGwS,1
51,35a1e5db-7ead-43ca-a326-2e2b4d5ffa85,Supervisor Kasus Team 22,,spv_team22@moka.ol  ,,Supervisor Kasus,0,$2y$10$o5g3uSPxMY7/QfRErCP8fufH3NLSJivnfhvGgbf7HrIByL6FvsGwS,1
52,35a1e5db-7ead-43ca-a326-2e2b4d5ffa86,Supervisor Kasus Team 23,,spv_team23@moka.ol  ,,Supervisor Kasus,0,$2y$10$o5g3uSPxMY7/QfRErCP8fufH3NLSJivnfhvGgbf7HrIByL6FvsGwS,1
53,35a1e5db-7ead-43ca-a326-2e2b4d5ffa87,Supervisor Kasus Team 24,,spv_team24@moka.ol  ,,Supervisor Kasus,0,$2y$10$o5g3uSPxMY7/QfRErCP8fufH3NLSJivnfhvGgbf7HrIByL6FvsGwS,1
54,35a1e5db-7ead-43ca-a326-2e2b4d5ffa88,Supervisor Kasus Team 25,,spv_team25@moka.ol  ,,Supervisor Kasus,0,$2y$10$o5g3uSPxMY7/QfRErCP8fufH3NLSJivnfhvGgbf7HrIByL6FvsGwS,1
55,35a1e5db-7ead-43ca-a326-2e2b4d5ffa89,Supervisor Kasus Team 26,,spv_team26@moka.ol  ,,Supervisor Kasus,0,$2y$10$o5g3uSPxMY7/QfRErCP8fufH3NLSJivnfhvGgbf7HrIByL6FvsGwS,1
56,35a1e5db-7ead-43ca-a326-2e2b4d5ffa90,Supervisor Kasus Team 27,,spv_team27@moka.ol  ,,Supervisor Kasus,0,$2y$10$o5g3uSPxMY7/QfRErCP8fufH3NLSJivnfhvGgbf7HrIByL6FvsGwS,1
57,35a1e5db-7ead-43ca-a326-2e2b4d5ffa91,Supervisor Kasus Team 28,,spv_team28@moka.ol  ,,Supervisor Kasus,0,$2y$10$o5g3uSPxMY7/QfRErCP8fufH3NLSJivnfhvGgbf7HrIByL6FvsGwS,1
58,35a1e5db-7ead-43ca-a326-2e2b4d5ffa92,Supervisor Kasus Team 29,,spv_team29@moka.ol  ,,Supervisor Kasus,0,$2y$10$o5g3uSPxMY7/QfRErCP8fufH3NLSJivnfhvGgbf7HrIByL6FvsGwS,1
59,35a1e5db-7ead-43ca-a326-2e2b4d5ffa93,Manager Kasus Team 1,,mk_team1@moka.ol  ,,Manajer Kasus,0,$2y$10$o5g3uSPxMY7/QfRErCP8fufH3NLSJivnfhvGgbf7HrIByL6FvsGwS,1
60,35a1e5db-7ead-43ca-a326-2e2b4d5ffa94,Manager Kasus Team 2,,mk_team2@moka.ol  ,,Manajer Kasus,0,$2y$10$o5g3uSPxMY7/QfRErCP8fufH3NLSJivnfhvGgbf7HrIByL6FvsGwS,1
61,35a1e5db-7ead-43ca-a326-2e2b4d5ffa95,Manager Kasus Team 3,,mk_team3@moka.ol  ,,Manajer Kasus,0,$2y$10$o5g3uSPxMY7/QfRErCP8fufH3NLSJivnfhvGgbf7HrIByL6FvsGwS,1
62,35a1e5db-7ead-43ca-a326-2e2b4d5ffa96,Manager Kasus Team 4,,mk_team4@moka.ol  ,,Manajer Kasus,0,$2y$10$o5g3uSPxMY7/QfRErCP8fufH3NLSJivnfhvGgbf7HrIByL6FvsGwS,1
63,35a1e5db-7ead-43ca-a326-2e2b4d5ffa97,Manager Kasus Team 5,,mk_team5@moka.ol  ,,Manajer Kasus,0,$2y$10$o5g3uSPxMY7/QfRErCP8fufH3NLSJivnfhvGgbf7HrIByL6FvsGwS,1
64,35a1e5db-7ead-43ca-a326-2e2b4d5ffa98,Manager Kasus Team 6,,mk_team6@moka.ol  ,,Manajer Kasus,0,$2y$10$o5g3uSPxMY7/QfRErCP8fufH3NLSJivnfhvGgbf7HrIByL6FvsGwS,1
65,35a1e5db-7ead-43ca-a326-2e2b4d5ffa99,Manager Kasus Team 7,,mk_team7@moka.ol  ,,Manajer Kasus,0,$2y$10$o5g3uSPxMY7/QfRErCP8fufH3NLSJivnfhvGgbf7HrIByL6FvsGwS,1
66,35a1e5db-7ead-43ca-a326-2e2b4d5ffa100,Manager Kasus Team 8,,mk_team8@moka.ol  ,,Manajer Kasus,0,$2y$10$o5g3uSPxMY7/QfRErCP8fufH3NLSJivnfhvGgbf7HrIByL6FvsGwS,1
67,35a1e5db-7ead-43ca-a326-2e2b4d5ffa101,Manager Kasus Team 9,,mk_team9@moka.ol  ,,Manajer Kasus,0,$2y$10$o5g3uSPxMY7/QfRErCP8fufH3NLSJivnfhvGgbf7HrIByL6FvsGwS,1
68,35a1e5db-7ead-43ca-a326-2e2b4d5ffa102,Manager Kasus Team 10,,mk_team10@moka.ol  ,,Manajer Kasus,0,$2y$10$o5g3uSPxMY7/QfRErCP8fufH3NLSJivnfhvGgbf7HrIByL6FvsGwS,1
69,35a1e5db-7ead-43ca-a326-2e2b4d5ffa103,Manager Kasus Team 11,,mk_team11@moka.ol  ,,Manajer Kasus,0,$2y$10$o5g3uSPxMY7/QfRErCP8fufH3NLSJivnfhvGgbf7HrIByL6FvsGwS,1
70,35a1e5db-7ead-43ca-a326-2e2b4d5ffa104,Manager Kasus Team 12,,mk_team12@moka.ol  ,,Manajer Kasus,0,$2y$10$o5g3uSPxMY7/QfRErCP8fufH3NLSJivnfhvGgbf7HrIByL6FvsGwS,1
71,35a1e5db-7ead-43ca-a326-2e2b4d5ffa105,Manager Kasus Team 13,,mk_team13@moka.ol  ,,Manajer Kasus,0,$2y$10$o5g3uSPxMY7/QfRErCP8fufH3NLSJivnfhvGgbf7HrIByL6FvsGwS,1
72,35a1e5db-7ead-43ca-a326-2e2b4d5ffa106,Manager Kasus Team 14,,mk_team14@moka.ol  ,,Manajer Kasus,0,$2y$10$o5g3uSPxMY7/QfRErCP8fufH3NLSJivnfhvGgbf7HrIByL6FvsGwS,1
73,35a1e5db-7ead-43ca-a326-2e2b4d5ffa107,Manager Kasus Team 15,,mk_team15@moka.ol  ,,Manajer Kasus,0,$2y$10$o5g3uSPxMY7/QfRErCP8fufH3NLSJivnfhvGgbf7HrIByL6FvsGwS,1
74,35a1e5db-7ead-43ca-a326-2e2b4d5ffa108,Manager Kasus Team 16,,mk_team16@moka.ol  ,,Manajer Kasus,0,$2y$10$o5g3uSPxMY7/QfRErCP8fufH3NLSJivnfhvGgbf7HrIByL6FvsGwS,1
75,35a1e5db-7ead-43ca-a326-2e2b4d5ffa109,Manager Kasus Team 17,,mk_team17@moka.ol  ,,Manajer Kasus,0,$2y$10$o5g3uSPxMY7/QfRErCP8fufH3NLSJivnfhvGgbf7HrIByL6FvsGwS,1
76,35a1e5db-7ead-43ca-a326-2e2b4d5ffa110,Manager Kasus Team 18,,mk_team18@moka.ol  ,,Manajer Kasus,0,$2y$10$o5g3uSPxMY7/QfRErCP8fufH3NLSJivnfhvGgbf7HrIByL6FvsGwS,1
77,35a1e5db-7ead-43ca-a326-2e2b4d5ffa111,Manager Kasus Team 19,,mk_team19@moka.ol  ,,Manajer Kasus,0,$2y$10$o5g3uSPxMY7/QfRErCP8fufH3NLSJivnfhvGgbf7HrIByL6FvsGwS,1
78,35a1e5db-7ead-43ca-a326-2e2b4d5ffa112,Manager Kasus Team 20,,mk_team20@moka.ol  ,,Manajer Kasus,0,$2y$10$o5g3uSPxMY7/QfRErCP8fufH3NLSJivnfhvGgbf7HrIByL6FvsGwS,1
79,35a1e5db-7ead-43ca-a326-2e2b4d5ffa113,Manager Kasus Team 21,,mk_team21@moka.ol  ,,Manajer Kasus,0,$2y$10$o5g3uSPxMY7/QfRErCP8fufH3NLSJivnfhvGgbf7HrIByL6FvsGwS,1
80,35a1e5db-7ead-43ca-a326-2e2b4d5ffa114,Manager Kasus Team 22,,mk_team22@moka.ol  ,,Manajer Kasus,0,$2y$10$o5g3uSPxMY7/QfRErCP8fufH3NLSJivnfhvGgbf7HrIByL6FvsGwS,1
81,35a1e5db-7ead-43ca-a326-2e2b4d5ffa115,Manager Kasus Team 23,,mk_team23@moka.ol  ,,Manajer Kasus,0,$2y$10$o5g3uSPxMY7/QfRErCP8fufH3NLSJivnfhvGgbf7HrIByL6FvsGwS,1
82,35a1e5db-7ead-43ca-a326-2e2b4d5ffa116,Manager Kasus Team 24,,mk_team24@moka.ol  ,,Manajer Kasus,0,$2y$10$o5g3uSPxMY7/QfRErCP8fufH3NLSJivnfhvGgbf7HrIByL6FvsGwS,1
83,35a1e5db-7ead-43ca-a326-2e2b4d5ffa117,Manager Kasus Team 25,,mk_team25@moka.ol  ,,Manajer Kasus,0,$2y$10$o5g3uSPxMY7/QfRErCP8fufH3NLSJivnfhvGgbf7HrIByL6FvsGwS,1
84,35a1e5db-7ead-43ca-a326-2e2b4d5ffa118,Manager Kasus Team 26,,mk_team26@moka.ol  ,,Manajer Kasus,0,$2y$10$o5g3uSPxMY7/QfRErCP8fufH3NLSJivnfhvGgbf7HrIByL6FvsGwS,1
85,35a1e5db-7ead-43ca-a326-2e2b4d5ffa119,Manager Kasus Team 27,,mk_team27@moka.ol  ,,Manajer Kasus,0,$2y$10$o5g3uSPxMY7/QfRErCP8fufH3NLSJivnfhvGgbf7HrIByL6FvsGwS,1
86,35a1e5db-7ead-43ca-a326-2e2b4d5ffa120,Manager Kasus Team 28,,mk_team28@moka.ol  ,,Manajer Kasus,0,$2y$10$o5g3uSPxMY7/QfRErCP8fufH3NLSJivnfhvGgbf7HrIByL6FvsGwS,1
87,35a1e5db-7ead-43ca-a326-2e2b4d5ffa121,Manager Kasus Team 29,,mk_team29@moka.ol  ,,Manajer Kasus,0,$2y$10$o5g3uSPxMY7/QfRErCP8fufH3NLSJivnfhvGgbf7HrIByL6FvsGwS,1
88,35a1e5db-7ead-43ca-a326-2e2b4d5ffa122,Pendamping Korban Team 1,,pk_team1@moka.ol  ,,Pendamping Kasus,0,$2y$10$o5g3uSPxMY7/QfRErCP8fufH3NLSJivnfhvGgbf7HrIByL6FvsGwS,1
89,35a1e5db-7ead-43ca-a326-2e2b4d5ffa123,Pendamping Korban Team 2,,pk_team2@moka.ol  ,,Pendamping Kasus,0,$2y$10$o5g3uSPxMY7/QfRErCP8fufH3NLSJivnfhvGgbf7HrIByL6FvsGwS,1
90,35a1e5db-7ead-43ca-a326-2e2b4d5ffa124,Pendamping Korban Team 3,,pk_team3@moka.ol  ,,Pendamping Kasus,0,$2y$10$o5g3uSPxMY7/QfRErCP8fufH3NLSJivnfhvGgbf7HrIByL6FvsGwS,1
91,35a1e5db-7ead-43ca-a326-2e2b4d5ffa125,Pendamping Korban Team 4,,pk_team4@moka.ol  ,,Pendamping Kasus,0,$2y$10$o5g3uSPxMY7/QfRErCP8fufH3NLSJivnfhvGgbf7HrIByL6FvsGwS,1
92,35a1e5db-7ead-43ca-a326-2e2b4d5ffa126,Pendamping Korban Team 5,,pk_team5@moka.ol  ,,Pendamping Kasus,0,$2y$10$o5g3uSPxMY7/QfRErCP8fufH3NLSJivnfhvGgbf7HrIByL6FvsGwS,1
93,35a1e5db-7ead-43ca-a326-2e2b4d5ffa127,Pendamping Korban Team 6,,pk_team6@moka.ol  ,,Pendamping Kasus,0,$2y$10$o5g3uSPxMY7/QfRErCP8fufH3NLSJivnfhvGgbf7HrIByL6FvsGwS,1
94,35a1e5db-7ead-43ca-a326-2e2b4d5ffa128,Pendamping Korban Team 7,,pk_team7@moka.ol  ,,Pendamping Kasus,0,$2y$10$o5g3uSPxMY7/QfRErCP8fufH3NLSJivnfhvGgbf7HrIByL6FvsGwS,1
95,35a1e5db-7ead-43ca-a326-2e2b4d5ffa129,Pendamping Korban Team 8,,pk_team8@moka.ol  ,,Pendamping Kasus,0,$2y$10$o5g3uSPxMY7/QfRErCP8fufH3NLSJivnfhvGgbf7HrIByL6FvsGwS,1
96,35a1e5db-7ead-43ca-a326-2e2b4d5ffa130,Pendamping Korban Team 9,,pk_team9@moka.ol  ,,Pendamping Kasus,0,$2y$10$o5g3uSPxMY7/QfRErCP8fufH3NLSJivnfhvGgbf7HrIByL6FvsGwS,1
97,35a1e5db-7ead-43ca-a326-2e2b4d5ffa131,Pendamping Korban Team 10,,pk_team10@moka.ol  ,,Pendamping Kasus,0,$2y$10$o5g3uSPxMY7/QfRErCP8fufH3NLSJivnfhvGgbf7HrIByL6FvsGwS,1
98,35a1e5db-7ead-43ca-a326-2e2b4d5ffa132,Pendamping Korban Team 11,,pk_team11@moka.ol  ,,Pendamping Kasus,0,$2y$10$o5g3uSPxMY7/QfRErCP8fufH3NLSJivnfhvGgbf7HrIByL6FvsGwS,1
99,35a1e5db-7ead-43ca-a326-2e2b4d5ffa133,Pendamping Korban Team 12,,pk_team12@moka.ol  ,,Pendamping Kasus,0,$2y$10$o5g3uSPxMY7/QfRErCP8fufH3NLSJivnfhvGgbf7HrIByL6FvsGwS,1
100,35a1e5db-7ead-43ca-a326-2e2b4d5ffa134,Pendamping Korban Team 13,,pk_team13@moka.ol  ,,Pendamping Kasus,0,$2y$10$o5g3uSPxMY7/QfRErCP8fufH3NLSJivnfhvGgbf7HrIByL6FvsGwS,1
101,35a1e5db-7ead-43ca-a326-2e2b4d5ffa135,Pendamping Korban Team 14,,pk_team14@moka.ol  ,,Pendamping Kasus,0,$2y$10$o5g3uSPxMY7/QfRErCP8fufH3NLSJivnfhvGgbf7HrIByL6FvsGwS,1
102,35a1e5db-7ead-43ca-a326-2e2b4d5ffa136,Pendamping Korban Team 15,,pk_team15@moka.ol  ,,Pendamping Kasus,0,$2y$10$o5g3uSPxMY7/QfRErCP8fufH3NLSJivnfhvGgbf7HrIByL6FvsGwS,1
103,35a1e5db-7ead-43ca-a326-2e2b4d5ffa137,Pendamping Korban Team 16,,pk_team16@moka.ol  ,,Pendamping Kasus,0,$2y$10$o5g3uSPxMY7/QfRErCP8fufH3NLSJivnfhvGgbf7HrIByL6FvsGwS,1
104,35a1e5db-7ead-43ca-a326-2e2b4d5ffa138,Pendamping Korban Team 17,,pk_team17@moka.ol  ,,Pendamping Kasus,0,$2y$10$o5g3uSPxMY7/QfRErCP8fufH3NLSJivnfhvGgbf7HrIByL6FvsGwS,1
105,35a1e5db-7ead-43ca-a326-2e2b4d5ffa139,Pendamping Korban Team 18,,pk_team18@moka.ol  ,,Pendamping Kasus,0,$2y$10$o5g3uSPxMY7/QfRErCP8fufH3NLSJivnfhvGgbf7HrIByL6FvsGwS,1
106,35a1e5db-7ead-43ca-a326-2e2b4d5ffa140,Pendamping Korban Team 19,,pk_team19@moka.ol  ,,Pendamping Kasus,0,$2y$10$o5g3uSPxMY7/QfRErCP8fufH3NLSJivnfhvGgbf7HrIByL6FvsGwS,1
107,35a1e5db-7ead-43ca-a326-2e2b4d5ffa141,Pendamping Korban Team 20,,pk_team20@moka.ol  ,,Pendamping Kasus,0,$2y$10$o5g3uSPxMY7/QfRErCP8fufH3NLSJivnfhvGgbf7HrIByL6FvsGwS,1
108,35a1e5db-7ead-43ca-a326-2e2b4d5ffa142,Pendamping Korban Team 21,,pk_team21@moka.ol  ,,Pendamping Kasus,0,$2y$10$o5g3uSPxMY7/QfRErCP8fufH3NLSJivnfhvGgbf7HrIByL6FvsGwS,1
109,35a1e5db-7ead-43ca-a326-2e2b4d5ffa143,Pendamping Korban Team 22,,pk_team22@moka.ol  ,,Pendamping Kasus,0,$2y$10$o5g3uSPxMY7/QfRErCP8fufH3NLSJivnfhvGgbf7HrIByL6FvsGwS,1
110,35a1e5db-7ead-43ca-a326-2e2b4d5ffa144,Pendamping Korban Team 23,,pk_team23@moka.ol  ,,Pendamping Kasus,0,$2y$10$o5g3uSPxMY7/QfRErCP8fufH3NLSJivnfhvGgbf7HrIByL6FvsGwS,1
111,35a1e5db-7ead-43ca-a326-2e2b4d5ffa145,Pendamping Korban Team 24,,pk_team24@moka.ol  ,,Pendamping Kasus,0,$2y$10$o5g3uSPxMY7/QfRErCP8fufH3NLSJivnfhvGgbf7HrIByL6FvsGwS,1
112,35a1e5db-7ead-43ca-a326-2e2b4d5ffa146,Pendamping Korban Team 25,,pk_team25@moka.ol  ,,Pendamping Kasus,0,$2y$10$o5g3uSPxMY7/QfRErCP8fufH3NLSJivnfhvGgbf7HrIByL6FvsGwS,1
113,35a1e5db-7ead-43ca-a326-2e2b4d5ffa147,Pendamping Korban Team 26,,pk_team26@moka.ol  ,,Pendamping Kasus,0,$2y$10$o5g3uSPxMY7/QfRErCP8fufH3NLSJivnfhvGgbf7HrIByL6FvsGwS,1
114,35a1e5db-7ead-43ca-a326-2e2b4d5ffa148,Pendamping Korban Team 27,,pk_team27@moka.ol  ,,Pendamping Kasus,0,$2y$10$o5g3uSPxMY7/QfRErCP8fufH3NLSJivnfhvGgbf7HrIByL6FvsGwS,1
115,35a1e5db-7ead-43ca-a326-2e2b4d5ffa149,Pendamping Korban Team 28,,pk_team28@moka.ol  ,,Pendamping Kasus,0,$2y$10$o5g3uSPxMY7/QfRErCP8fufH3NLSJivnfhvGgbf7HrIByL6FvsGwS,1
116,35a1e5db-7ead-43ca-a326-2e2b4d5ffa150,Pendamping Korban Team 29,,pk_team29@moka.ol  ,,Pendamping Kasus,0,$2y$10$o5g3uSPxMY7/QfRErCP8fufH3NLSJivnfhvGgbf7HrIByL6FvsGwS,1
117,35a1e5db-7ead-43ca-a326-2e2b4d5ffa151,Konselor 1 Team 1,,konselor1_team1@moka.ol  ,,Konselor,0,$2y$10$o5g3uSPxMY7/QfRErCP8fufH3NLSJivnfhvGgbf7HrIByL6FvsGwS,1
118,35a1e5db-7ead-43ca-a326-2e2b4d5ffa152,Konselor 1 Team 2,,konselor1_team2@moka.ol  ,,Konselor,0,$2y$10$o5g3uSPxMY7/QfRErCP8fufH3NLSJivnfhvGgbf7HrIByL6FvsGwS,1
119,35a1e5db-7ead-43ca-a326-2e2b4d5ffa153,Konselor 1 Team 3,,konselor1_team3@moka.ol  ,,Konselor,0,$2y$10$o5g3uSPxMY7/QfRErCP8fufH3NLSJivnfhvGgbf7HrIByL6FvsGwS,1
120,35a1e5db-7ead-43ca-a326-2e2b4d5ffa154,Konselor 1 Team 4,,konselor1_team4@moka.ol  ,,Konselor,0,$2y$10$o5g3uSPxMY7/QfRErCP8fufH3NLSJivnfhvGgbf7HrIByL6FvsGwS,1
121,35a1e5db-7ead-43ca-a326-2e2b4d5ffa155,Konselor 1 Team 5,,konselor1_team5@moka.ol  ,,Konselor,0,$2y$10$o5g3uSPxMY7/QfRErCP8fufH3NLSJivnfhvGgbf7HrIByL6FvsGwS,1
122,35a1e5db-7ead-43ca-a326-2e2b4d5ffa156,Konselor 1 Team 6,,konselor1_team6@moka.ol  ,,Konselor,0,$2y$10$o5g3uSPxMY7/QfRErCP8fufH3NLSJivnfhvGgbf7HrIByL6FvsGwS,1
123,35a1e5db-7ead-43ca-a326-2e2b4d5ffa157,Konselor 1 Team 7,,konselor1_team7@moka.ol  ,,Konselor,0,$2y$10$o5g3uSPxMY7/QfRErCP8fufH3NLSJivnfhvGgbf7HrIByL6FvsGwS,1
124,35a1e5db-7ead-43ca-a326-2e2b4d5ffa158,Konselor 1 Team 8,,konselor1_team8@moka.ol  ,,Konselor,0,$2y$10$o5g3uSPxMY7/QfRErCP8fufH3NLSJivnfhvGgbf7HrIByL6FvsGwS,1
125,35a1e5db-7ead-43ca-a326-2e2b4d5ffa159,Konselor 1 Team 9,,konselor1_team9@moka.ol  ,,Konselor,0,$2y$10$o5g3uSPxMY7/QfRErCP8fufH3NLSJivnfhvGgbf7HrIByL6FvsGwS,1
126,35a1e5db-7ead-43ca-a326-2e2b4d5ffa160,Konselor 1 Team 10,,konselor1_team10@moka.ol  ,,Konselor,0,$2y$10$o5g3uSPxMY7/QfRErCP8fufH3NLSJivnfhvGgbf7HrIByL6FvsGwS,1
127,35a1e5db-7ead-43ca-a326-2e2b4d5ffa161,Konselor 1 Team 11,,konselor1_team11@moka.ol  ,,Konselor,0,$2y$10$o5g3uSPxMY7/QfRErCP8fufH3NLSJivnfhvGgbf7HrIByL6FvsGwS,1
128,35a1e5db-7ead-43ca-a326-2e2b4d5ffa162,Konselor 1 Team 12,,konselor1_team12@moka.ol  ,,Konselor,0,$2y$10$o5g3uSPxMY7/QfRErCP8fufH3NLSJivnfhvGgbf7HrIByL6FvsGwS,1
129,35a1e5db-7ead-43ca-a326-2e2b4d5ffa163,Konselor 1 Team 13,,konselor1_team13@moka.ol  ,,Konselor,0,$2y$10$o5g3uSPxMY7/QfRErCP8fufH3NLSJivnfhvGgbf7HrIByL6FvsGwS,1
130,35a1e5db-7ead-43ca-a326-2e2b4d5ffa164,Konselor 1 Team 14,,konselor1_team14@moka.ol  ,,Konselor,0,$2y$10$o5g3uSPxMY7/QfRErCP8fufH3NLSJivnfhvGgbf7HrIByL6FvsGwS,1
131,35a1e5db-7ead-43ca-a326-2e2b4d5ffa165,Konselor 1 Team 15,,konselor1_team15@moka.ol  ,,Konselor,0,$2y$10$o5g3uSPxMY7/QfRErCP8fufH3NLSJivnfhvGgbf7HrIByL6FvsGwS,1
132,35a1e5db-7ead-43ca-a326-2e2b4d5ffa166,Konselor 1 Team 16,,konselor1_team16@moka.ol  ,,Konselor,0,$2y$10$o5g3uSPxMY7/QfRErCP8fufH3NLSJivnfhvGgbf7HrIByL6FvsGwS,1
133,35a1e5db-7ead-43ca-a326-2e2b4d5ffa167,Konselor 1 Team 17,,konselor1_team17@moka.ol  ,,Konselor,0,$2y$10$o5g3uSPxMY7/QfRErCP8fufH3NLSJivnfhvGgbf7HrIByL6FvsGwS,1
134,35a1e5db-7ead-43ca-a326-2e2b4d5ffa168,Konselor 1 Team 18,,konselor1_team18@moka.ol  ,,Konselor,0,$2y$10$o5g3uSPxMY7/QfRErCP8fufH3NLSJivnfhvGgbf7HrIByL6FvsGwS,1
135,35a1e5db-7ead-43ca-a326-2e2b4d5ffa169,Konselor 1 Team 19,,konselor1_team19@moka.ol  ,,Konselor,0,$2y$10$o5g3uSPxMY7/QfRErCP8fufH3NLSJivnfhvGgbf7HrIByL6FvsGwS,1
136,35a1e5db-7ead-43ca-a326-2e2b4d5ffa170,Konselor 1 Team 20,,konselor1_team20@moka.ol  ,,Konselor,0,$2y$10$o5g3uSPxMY7/QfRErCP8fufH3NLSJivnfhvGgbf7HrIByL6FvsGwS,1
137,35a1e5db-7ead-43ca-a326-2e2b4d5ffa171,Konselor 1 Team 21,,konselor1_team21@moka.ol  ,,Konselor,0,$2y$10$o5g3uSPxMY7/QfRErCP8fufH3NLSJivnfhvGgbf7HrIByL6FvsGwS,1
138,35a1e5db-7ead-43ca-a326-2e2b4d5ffa172,Konselor 1 Team 22,,konselor1_team22@moka.ol  ,,Konselor,0,$2y$10$o5g3uSPxMY7/QfRErCP8fufH3NLSJivnfhvGgbf7HrIByL6FvsGwS,1
139,35a1e5db-7ead-43ca-a326-2e2b4d5ffa173,Konselor 1 Team 23,,konselor1_team23@moka.ol  ,,Konselor,0,$2y$10$o5g3uSPxMY7/QfRErCP8fufH3NLSJivnfhvGgbf7HrIByL6FvsGwS,1
140,35a1e5db-7ead-43ca-a326-2e2b4d5ffa174,Konselor 1 Team 24,,konselor1_team24@moka.ol  ,,Konselor,0,$2y$10$o5g3uSPxMY7/QfRErCP8fufH3NLSJivnfhvGgbf7HrIByL6FvsGwS,1
141,35a1e5db-7ead-43ca-a326-2e2b4d5ffa175,Konselor 1 Team 25,,konselor1_team25@moka.ol  ,,Konselor,0,$2y$10$o5g3uSPxMY7/QfRErCP8fufH3NLSJivnfhvGgbf7HrIByL6FvsGwS,1
142,35a1e5db-7ead-43ca-a326-2e2b4d5ffa176,Konselor 1 Team 26,,konselor1_team26@moka.ol  ,,Konselor,0,$2y$10$o5g3uSPxMY7/QfRErCP8fufH3NLSJivnfhvGgbf7HrIByL6FvsGwS,1
143,35a1e5db-7ead-43ca-a326-2e2b4d5ffa177,Konselor 1 Team 27,,konselor1_team27@moka.ol  ,,Konselor,0,$2y$10$o5g3uSPxMY7/QfRErCP8fufH3NLSJivnfhvGgbf7HrIByL6FvsGwS,1
144,35a1e5db-7ead-43ca-a326-2e2b4d5ffa178,Konselor 1 Team 28,,konselor1_team28@moka.ol  ,,Konselor,0,$2y$10$o5g3uSPxMY7/QfRErCP8fufH3NLSJivnfhvGgbf7HrIByL6FvsGwS,1
145,35a1e5db-7ead-43ca-a326-2e2b4d5ffa179,Konselor 1 Team 29,,konselor1_team29@moka.ol  ,,Konselor,0,$2y$10$o5g3uSPxMY7/QfRErCP8fufH3NLSJivnfhvGgbf7HrIByL6FvsGwS,1
146,35a1e5db-7ead-43ca-a326-2e2b4d5ffa180,Konselor 2 Team 1,,konselor2_team1@moka.ol  ,,Konselor,0,$2y$10$o5g3uSPxMY7/QfRErCP8fufH3NLSJivnfhvGgbf7HrIByL6FvsGwS,1
147,35a1e5db-7ead-43ca-a326-2e2b4d5ffa181,Konselor 2 Team 2,,konselor2_team2@moka.ol  ,,Konselor,0,$2y$10$o5g3uSPxMY7/QfRErCP8fufH3NLSJivnfhvGgbf7HrIByL6FvsGwS,1
148,35a1e5db-7ead-43ca-a326-2e2b4d5ffa182,Konselor 2 Team 3,,konselor2_team3@moka.ol  ,,Konselor,0,$2y$10$o5g3uSPxMY7/QfRErCP8fufH3NLSJivnfhvGgbf7HrIByL6FvsGwS,1
149,35a1e5db-7ead-43ca-a326-2e2b4d5ffa183,Konselor 2 Team 4,,konselor2_team4@moka.ol  ,,Konselor,0,$2y$10$o5g3uSPxMY7/QfRErCP8fufH3NLSJivnfhvGgbf7HrIByL6FvsGwS,1
150,35a1e5db-7ead-43ca-a326-2e2b4d5ffa184,Konselor 2 Team 5,,konselor2_team5@moka.ol  ,,Konselor,0,$2y$10$o5g3uSPxMY7/QfRErCP8fufH3NLSJivnfhvGgbf7HrIByL6FvsGwS,1
151,35a1e5db-7ead-43ca-a326-2e2b4d5ffa185,Konselor 2 Team 6,,konselor2_team6@moka.ol  ,,Konselor,0,$2y$10$o5g3uSPxMY7/QfRErCP8fufH3NLSJivnfhvGgbf7HrIByL6FvsGwS,1
152,35a1e5db-7ead-43ca-a326-2e2b4d5ffa186,Konselor 2 Team 7,,konselor2_team7@moka.ol  ,,Konselor,0,$2y$10$o5g3uSPxMY7/QfRErCP8fufH3NLSJivnfhvGgbf7HrIByL6FvsGwS,1
153,35a1e5db-7ead-43ca-a326-2e2b4d5ffa187,Konselor 2 Team 8,,konselor2_team8@moka.ol  ,,Konselor,0,$2y$10$o5g3uSPxMY7/QfRErCP8fufH3NLSJivnfhvGgbf7HrIByL6FvsGwS,1
154,35a1e5db-7ead-43ca-a326-2e2b4d5ffa188,Konselor 2 Team 9,,konselor2_team9@moka.ol  ,,Konselor,0,$2y$10$o5g3uSPxMY7/QfRErCP8fufH3NLSJivnfhvGgbf7HrIByL6FvsGwS,1
155,35a1e5db-7ead-43ca-a326-2e2b4d5ffa189,Konselor 2 Team 10,,konselor2_team10@moka.ol  ,,Konselor,0,$2y$10$o5g3uSPxMY7/QfRErCP8fufH3NLSJivnfhvGgbf7HrIByL6FvsGwS,1
156,35a1e5db-7ead-43ca-a326-2e2b4d5ffa190,Konselor 2 Team 11,,konselor2_team11@moka.ol  ,,Konselor,0,$2y$10$o5g3uSPxMY7/QfRErCP8fufH3NLSJivnfhvGgbf7HrIByL6FvsGwS,1
157,35a1e5db-7ead-43ca-a326-2e2b4d5ffa191,Konselor 2 Team 12,,konselor2_team12@moka.ol  ,,Konselor,0,$2y$10$o5g3uSPxMY7/QfRErCP8fufH3NLSJivnfhvGgbf7HrIByL6FvsGwS,1
158,35a1e5db-7ead-43ca-a326-2e2b4d5ffa192,Konselor 2 Team 13,,konselor2_team13@moka.ol  ,,Konselor,0,$2y$10$o5g3uSPxMY7/QfRErCP8fufH3NLSJivnfhvGgbf7HrIByL6FvsGwS,1
159,35a1e5db-7ead-43ca-a326-2e2b4d5ffa193,Konselor 2 Team 14,,konselor2_team14@moka.ol  ,,Konselor,0,$2y$10$o5g3uSPxMY7/QfRErCP8fufH3NLSJivnfhvGgbf7HrIByL6FvsGwS,1
160,35a1e5db-7ead-43ca-a326-2e2b4d5ffa194,Konselor 2 Team 15,,konselor2_team15@moka.ol  ,,Konselor,0,$2y$10$o5g3uSPxMY7/QfRErCP8fufH3NLSJivnfhvGgbf7HrIByL6FvsGwS,1
161,35a1e5db-7ead-43ca-a326-2e2b4d5ffa195,Konselor 2 Team 16,,konselor2_team16@moka.ol  ,,Konselor,0,$2y$10$o5g3uSPxMY7/QfRErCP8fufH3NLSJivnfhvGgbf7HrIByL6FvsGwS,1
162,35a1e5db-7ead-43ca-a326-2e2b4d5ffa196,Konselor 2 Team 17,,konselor2_team17@moka.ol  ,,Konselor,0,$2y$10$o5g3uSPxMY7/QfRErCP8fufH3NLSJivnfhvGgbf7HrIByL6FvsGwS,1
163,35a1e5db-7ead-43ca-a326-2e2b4d5ffa197,Konselor 2 Team 18,,konselor2_team18@moka.ol  ,,Konselor,0,$2y$10$o5g3uSPxMY7/QfRErCP8fufH3NLSJivnfhvGgbf7HrIByL6FvsGwS,1
164,35a1e5db-7ead-43ca-a326-2e2b4d5ffa198,Konselor 2 Team 19,,konselor2_team19@moka.ol  ,,Konselor,0,$2y$10$o5g3uSPxMY7/QfRErCP8fufH3NLSJivnfhvGgbf7HrIByL6FvsGwS,1
165,35a1e5db-7ead-43ca-a326-2e2b4d5ffa199,Konselor 2 Team 20,,konselor2_team20@moka.ol  ,,Konselor,0,$2y$10$o5g3uSPxMY7/QfRErCP8fufH3NLSJivnfhvGgbf7HrIByL6FvsGwS,1
166,35a1e5db-7ead-43ca-a326-2e2b4d5ffa200,Konselor 2 Team 21,,konselor2_team21@moka.ol  ,,Konselor,0,$2y$10$o5g3uSPxMY7/QfRErCP8fufH3NLSJivnfhvGgbf7HrIByL6FvsGwS,1
167,35a1e5db-7ead-43ca-a326-2e2b4d5ffa201,Konselor 2 Team 22,,konselor2_team22@moka.ol  ,,Konselor,0,$2y$10$o5g3uSPxMY7/QfRErCP8fufH3NLSJivnfhvGgbf7HrIByL6FvsGwS,1
168,35a1e5db-7ead-43ca-a326-2e2b4d5ffa202,Konselor 2 Team 23,,konselor2_team23@moka.ol  ,,Konselor,0,$2y$10$o5g3uSPxMY7/QfRErCP8fufH3NLSJivnfhvGgbf7HrIByL6FvsGwS,1
169,35a1e5db-7ead-43ca-a326-2e2b4d5ffa203,Konselor 2 Team 24,,konselor2_team24@moka.ol  ,,Konselor,0,$2y$10$o5g3uSPxMY7/QfRErCP8fufH3NLSJivnfhvGgbf7HrIByL6FvsGwS,1
170,35a1e5db-7ead-43ca-a326-2e2b4d5ffa204,Konselor 2 Team 25,,konselor2_team25@moka.ol  ,,Konselor,0,$2y$10$o5g3uSPxMY7/QfRErCP8fufH3NLSJivnfhvGgbf7HrIByL6FvsGwS,1
171,35a1e5db-7ead-43ca-a326-2e2b4d5ffa205,Konselor 2 Team 26,,konselor2_team26@moka.ol  ,,Konselor,0,$2y$10$o5g3uSPxMY7/QfRErCP8fufH3NLSJivnfhvGgbf7HrIByL6FvsGwS,1
172,35a1e5db-7ead-43ca-a326-2e2b4d5ffa206,Konselor 2 Team 27,,konselor2_team27@moka.ol  ,,Konselor,0,$2y$10$o5g3uSPxMY7/QfRErCP8fufH3NLSJivnfhvGgbf7HrIByL6FvsGwS,1
173,35a1e5db-7ead-43ca-a326-2e2b4d5ffa207,Konselor 2 Team 28,,konselor2_team28@moka.ol  ,,Konselor,0,$2y$10$o5g3uSPxMY7/QfRErCP8fufH3NLSJivnfhvGgbf7HrIByL6FvsGwS,1
174,35a1e5db-7ead-43ca-a326-2e2b4d5ffa208,Konselor 2 Team 29,,konselor2_team29@moka.ol  ,,Konselor,0,$2y$10$o5g3uSPxMY7/QfRErCP8fufH3NLSJivnfhvGgbf7HrIByL6FvsGwS,1
175,35a1e5db-7ead-43ca-a326-2e2b4d5ffa209,Konselor 3 Team 1,,konselor3_team1@moka.ol  ,,Konselor,0,$2y$10$o5g3uSPxMY7/QfRErCP8fufH3NLSJivnfhvGgbf7HrIByL6FvsGwS,1
176,35a1e5db-7ead-43ca-a326-2e2b4d5ffa210,Konselor 3 Team 2,,konselor3_team2@moka.ol  ,,Konselor,0,$2y$10$o5g3uSPxMY7/QfRErCP8fufH3NLSJivnfhvGgbf7HrIByL6FvsGwS,1
177,35a1e5db-7ead-43ca-a326-2e2b4d5ffa211,Konselor 3 Team 3,,konselor3_team3@moka.ol  ,,Konselor,0,$2y$10$o5g3uSPxMY7/QfRErCP8fufH3NLSJivnfhvGgbf7HrIByL6FvsGwS,1
178,35a1e5db-7ead-43ca-a326-2e2b4d5ffa212,Konselor 3 Team 4,,konselor3_team4@moka.ol  ,,Konselor,0,$2y$10$o5g3uSPxMY7/QfRErCP8fufH3NLSJivnfhvGgbf7HrIByL6FvsGwS,1
179,35a1e5db-7ead-43ca-a326-2e2b4d5ffa213,Konselor 3 Team 5,,konselor3_team5@moka.ol  ,,Konselor,0,$2y$10$o5g3uSPxMY7/QfRErCP8fufH3NLSJivnfhvGgbf7HrIByL6FvsGwS,1
180,35a1e5db-7ead-43ca-a326-2e2b4d5ffa214,Konselor 3 Team 6,,konselor3_team6@moka.ol  ,,Konselor,0,$2y$10$o5g3uSPxMY7/QfRErCP8fufH3NLSJivnfhvGgbf7HrIByL6FvsGwS,1
181,35a1e5db-7ead-43ca-a326-2e2b4d5ffa215,Konselor 3 Team 7,,konselor3_team7@moka.ol  ,,Konselor,0,$2y$10$o5g3uSPxMY7/QfRErCP8fufH3NLSJivnfhvGgbf7HrIByL6FvsGwS,1
182,35a1e5db-7ead-43ca-a326-2e2b4d5ffa216,Konselor 3 Team 8,,konselor3_team8@moka.ol  ,,Konselor,0,$2y$10$o5g3uSPxMY7/QfRErCP8fufH3NLSJivnfhvGgbf7HrIByL6FvsGwS,1
183,35a1e5db-7ead-43ca-a326-2e2b4d5ffa217,Konselor 3 Team 9,,konselor3_team9@moka.ol  ,,Konselor,0,$2y$10$o5g3uSPxMY7/QfRErCP8fufH3NLSJivnfhvGgbf7HrIByL6FvsGwS,1
184,35a1e5db-7ead-43ca-a326-2e2b4d5ffa218,Konselor 3 Team 10,,konselor3_team10@moka.ol  ,,Konselor,0,$2y$10$o5g3uSPxMY7/QfRErCP8fufH3NLSJivnfhvGgbf7HrIByL6FvsGwS,1
185,35a1e5db-7ead-43ca-a326-2e2b4d5ffa219,Konselor 3 Team 11,,konselor3_team11@moka.ol  ,,Konselor,0,$2y$10$o5g3uSPxMY7/QfRErCP8fufH3NLSJivnfhvGgbf7HrIByL6FvsGwS,1
186,35a1e5db-7ead-43ca-a326-2e2b4d5ffa220,Konselor 3 Team 12,,konselor3_team12@moka.ol  ,,Konselor,0,$2y$10$o5g3uSPxMY7/QfRErCP8fufH3NLSJivnfhvGgbf7HrIByL6FvsGwS,1
187,35a1e5db-7ead-43ca-a326-2e2b4d5ffa221,Konselor 3 Team 13,,konselor3_team13@moka.ol  ,,Konselor,0,$2y$10$o5g3uSPxMY7/QfRErCP8fufH3NLSJivnfhvGgbf7HrIByL6FvsGwS,1
188,35a1e5db-7ead-43ca-a326-2e2b4d5ffa222,Konselor 3 Team 14,,konselor3_team14@moka.ol  ,,Konselor,0,$2y$10$o5g3uSPxMY7/QfRErCP8fufH3NLSJivnfhvGgbf7HrIByL6FvsGwS,1
189,35a1e5db-7ead-43ca-a326-2e2b4d5ffa223,Konselor 3 Team 15,,konselor3_team15@moka.ol  ,,Konselor,0,$2y$10$o5g3uSPxMY7/QfRErCP8fufH3NLSJivnfhvGgbf7HrIByL6FvsGwS,1
190,35a1e5db-7ead-43ca-a326-2e2b4d5ffa224,Konselor 3 Team 16,,konselor3_team16@moka.ol  ,,Konselor,0,$2y$10$o5g3uSPxMY7/QfRErCP8fufH3NLSJivnfhvGgbf7HrIByL6FvsGwS,1
191,35a1e5db-7ead-43ca-a326-2e2b4d5ffa225,Konselor 3 Team 17,,konselor3_team17@moka.ol  ,,Konselor,0,$2y$10$o5g3uSPxMY7/QfRErCP8fufH3NLSJivnfhvGgbf7HrIByL6FvsGwS,1
192,35a1e5db-7ead-43ca-a326-2e2b4d5ffa226,Konselor 3 Team 18,,konselor3_team18@moka.ol  ,,Konselor,0,$2y$10$o5g3uSPxMY7/QfRErCP8fufH3NLSJivnfhvGgbf7HrIByL6FvsGwS,1
193,35a1e5db-7ead-43ca-a326-2e2b4d5ffa227,Konselor 3 Team 19,,konselor3_team19@moka.ol  ,,Konselor,0,$2y$10$o5g3uSPxMY7/QfRErCP8fufH3NLSJivnfhvGgbf7HrIByL6FvsGwS,1
194,35a1e5db-7ead-43ca-a326-2e2b4d5ffa228,Konselor 3 Team 20,,konselor3_team20@moka.ol  ,,Konselor,0,$2y$10$o5g3uSPxMY7/QfRErCP8fufH3NLSJivnfhvGgbf7HrIByL6FvsGwS,1
195,35a1e5db-7ead-43ca-a326-2e2b4d5ffa229,Konselor 3 Team 21,,konselor3_team21@moka.ol  ,,Konselor,0,$2y$10$o5g3uSPxMY7/QfRErCP8fufH3NLSJivnfhvGgbf7HrIByL6FvsGwS,1
196,35a1e5db-7ead-43ca-a326-2e2b4d5ffa230,Konselor 3 Team 22,,konselor3_team22@moka.ol  ,,Konselor,0,$2y$10$o5g3uSPxMY7/QfRErCP8fufH3NLSJivnfhvGgbf7HrIByL6FvsGwS,1
197,35a1e5db-7ead-43ca-a326-2e2b4d5ffa231,Konselor 3 Team 23,,konselor3_team23@moka.ol  ,,Konselor,0,$2y$10$o5g3uSPxMY7/QfRErCP8fufH3NLSJivnfhvGgbf7HrIByL6FvsGwS,1
198,35a1e5db-7ead-43ca-a326-2e2b4d5ffa232,Konselor 3 Team 24,,konselor3_team24@moka.ol  ,,Konselor,0,$2y$10$o5g3uSPxMY7/QfRErCP8fufH3NLSJivnfhvGgbf7HrIByL6FvsGwS,1
199,35a1e5db-7ead-43ca-a326-2e2b4d5ffa233,Konselor 3 Team 25,,konselor3_team25@moka.ol  ,,Konselor,0,$2y$10$o5g3uSPxMY7/QfRErCP8fufH3NLSJivnfhvGgbf7HrIByL6FvsGwS,1
200,35a1e5db-7ead-43ca-a326-2e2b4d5ffa234,Konselor 3 Team 26,,konselor3_team26@moka.ol  ,,Konselor,0,$2y$10$o5g3uSPxMY7/QfRErCP8fufH3NLSJivnfhvGgbf7HrIByL6FvsGwS,1
201,35a1e5db-7ead-43ca-a326-2e2b4d5ffa235,Konselor 3 Team 27,,konselor3_team27@moka.ol  ,,Konselor,0,$2y$10$o5g3uSPxMY7/QfRErCP8fufH3NLSJivnfhvGgbf7HrIByL6FvsGwS,1
202,35a1e5db-7ead-43ca-a326-2e2b4d5ffa236,Konselor 3 Team 28,,konselor3_team28@moka.ol  ,,Konselor,0,$2y$10$o5g3uSPxMY7/QfRErCP8fufH3NLSJivnfhvGgbf7HrIByL6FvsGwS,1
203,35a1e5db-7ead-43ca-a326-2e2b4d5ffa237,Konselor 3 Team 29,,konselor3_team29@moka.ol  ,,Konselor,0,$2y$10$o5g3uSPxMY7/QfRErCP8fufH3NLSJivnfhvGgbf7HrIByL6FvsGwS,1
204,35a1e5db-7ead-43ca-a326-2e2b4d5ffa238,Paralegal 1 Team 1,,paralegal1_team1@moka.ol  ,,Paralegal,0,$2y$10$o5g3uSPxMY7/QfRErCP8fufH3NLSJivnfhvGgbf7HrIByL6FvsGwS,1
205,35a1e5db-7ead-43ca-a326-2e2b4d5ffa239,Paralegal 1 Team 2,,paralegal1_team2@moka.ol  ,,Paralegal,0,$2y$10$o5g3uSPxMY7/QfRErCP8fufH3NLSJivnfhvGgbf7HrIByL6FvsGwS,1
206,35a1e5db-7ead-43ca-a326-2e2b4d5ffa240,Paralegal 1 Team 3,,paralegal1_team3@moka.ol  ,,Paralegal,0,$2y$10$o5g3uSPxMY7/QfRErCP8fufH3NLSJivnfhvGgbf7HrIByL6FvsGwS,1
207,35a1e5db-7ead-43ca-a326-2e2b4d5ffa241,Paralegal 1 Team 4,,paralegal1_team4@moka.ol  ,,Paralegal,0,$2y$10$o5g3uSPxMY7/QfRErCP8fufH3NLSJivnfhvGgbf7HrIByL6FvsGwS,1
208,35a1e5db-7ead-43ca-a326-2e2b4d5ffa242,Paralegal 1 Team 5,,paralegal1_team5@moka.ol  ,,Paralegal,0,$2y$10$o5g3uSPxMY7/QfRErCP8fufH3NLSJivnfhvGgbf7HrIByL6FvsGwS,1
209,35a1e5db-7ead-43ca-a326-2e2b4d5ffa243,Paralegal 1 Team 6,,paralegal1_team6@moka.ol  ,,Paralegal,0,$2y$10$o5g3uSPxMY7/QfRErCP8fufH3NLSJivnfhvGgbf7HrIByL6FvsGwS,1
210,35a1e5db-7ead-43ca-a326-2e2b4d5ffa244,Paralegal 1 Team 7,,paralegal1_team7@moka.ol  ,,Paralegal,0,$2y$10$o5g3uSPxMY7/QfRErCP8fufH3NLSJivnfhvGgbf7HrIByL6FvsGwS,1
211,35a1e5db-7ead-43ca-a326-2e2b4d5ffa245,Paralegal 1 Team 8,,paralegal1_team8@moka.ol  ,,Paralegal,0,$2y$10$o5g3uSPxMY7/QfRErCP8fufH3NLSJivnfhvGgbf7HrIByL6FvsGwS,1
212,35a1e5db-7ead-43ca-a326-2e2b4d5ffa246,Paralegal 1 Team 9,,paralegal1_team9@moka.ol  ,,Paralegal,0,$2y$10$o5g3uSPxMY7/QfRErCP8fufH3NLSJivnfhvGgbf7HrIByL6FvsGwS,1
213,35a1e5db-7ead-43ca-a326-2e2b4d5ffa247,Paralegal 1 Team 10,,paralegal1_team10@moka.ol  ,,Paralegal,0,$2y$10$o5g3uSPxMY7/QfRErCP8fufH3NLSJivnfhvGgbf7HrIByL6FvsGwS,1
214,35a1e5db-7ead-43ca-a326-2e2b4d5ffa248,Paralegal 1 Team 11,,paralegal1_team11@moka.ol  ,,Paralegal,0,$2y$10$o5g3uSPxMY7/QfRErCP8fufH3NLSJivnfhvGgbf7HrIByL6FvsGwS,1
215,35a1e5db-7ead-43ca-a326-2e2b4d5ffa249,Paralegal 1 Team 12,,paralegal1_team12@moka.ol  ,,Paralegal,0,$2y$10$o5g3uSPxMY7/QfRErCP8fufH3NLSJivnfhvGgbf7HrIByL6FvsGwS,1
216,35a1e5db-7ead-43ca-a326-2e2b4d5ffa250,Paralegal 1 Team 13,,paralegal1_team13@moka.ol  ,,Paralegal,0,$2y$10$o5g3uSPxMY7/QfRErCP8fufH3NLSJivnfhvGgbf7HrIByL6FvsGwS,1
217,35a1e5db-7ead-43ca-a326-2e2b4d5ffa251,Paralegal 1 Team 14,,paralegal1_team14@moka.ol  ,,Paralegal,0,$2y$10$o5g3uSPxMY7/QfRErCP8fufH3NLSJivnfhvGgbf7HrIByL6FvsGwS,1
218,35a1e5db-7ead-43ca-a326-2e2b4d5ffa252,Paralegal 1 Team 15,,paralegal1_team15@moka.ol  ,,Paralegal,0,$2y$10$o5g3uSPxMY7/QfRErCP8fufH3NLSJivnfhvGgbf7HrIByL6FvsGwS,1
219,35a1e5db-7ead-43ca-a326-2e2b4d5ffa253,Paralegal 1 Team 16,,paralegal1_team16@moka.ol  ,,Paralegal,0,$2y$10$o5g3uSPxMY7/QfRErCP8fufH3NLSJivnfhvGgbf7HrIByL6FvsGwS,1
220,35a1e5db-7ead-43ca-a326-2e2b4d5ffa254,Paralegal 1 Team 17,,paralegal1_team17@moka.ol  ,,Paralegal,0,$2y$10$o5g3uSPxMY7/QfRErCP8fufH3NLSJivnfhvGgbf7HrIByL6FvsGwS,1
221,35a1e5db-7ead-43ca-a326-2e2b4d5ffa255,Paralegal 1 Team 18,,paralegal1_team18@moka.ol  ,,Paralegal,0,$2y$10$o5g3uSPxMY7/QfRErCP8fufH3NLSJivnfhvGgbf7HrIByL6FvsGwS,1
222,35a1e5db-7ead-43ca-a326-2e2b4d5ffa256,Paralegal 1 Team 19,,paralegal1_team19@moka.ol  ,,Paralegal,0,$2y$10$o5g3uSPxMY7/QfRErCP8fufH3NLSJivnfhvGgbf7HrIByL6FvsGwS,1
223,35a1e5db-7ead-43ca-a326-2e2b4d5ffa257,Paralegal 1 Team 20,,paralegal1_team20@moka.ol  ,,Paralegal,0,$2y$10$o5g3uSPxMY7/QfRErCP8fufH3NLSJivnfhvGgbf7HrIByL6FvsGwS,1
224,35a1e5db-7ead-43ca-a326-2e2b4d5ffa258,Paralegal 1 Team 21,,paralegal1_team21@moka.ol  ,,Paralegal,0,$2y$10$o5g3uSPxMY7/QfRErCP8fufH3NLSJivnfhvGgbf7HrIByL6FvsGwS,1
225,35a1e5db-7ead-43ca-a326-2e2b4d5ffa259,Paralegal 1 Team 22,,paralegal1_team22@moka.ol  ,,Paralegal,0,$2y$10$o5g3uSPxMY7/QfRErCP8fufH3NLSJivnfhvGgbf7HrIByL6FvsGwS,1
226,35a1e5db-7ead-43ca-a326-2e2b4d5ffa260,Paralegal 1 Team 23,,paralegal1_team23@moka.ol  ,,Paralegal,0,$2y$10$o5g3uSPxMY7/QfRErCP8fufH3NLSJivnfhvGgbf7HrIByL6FvsGwS,1
227,35a1e5db-7ead-43ca-a326-2e2b4d5ffa261,Paralegal 1 Team 24,,paralegal1_team24@moka.ol  ,,Paralegal,0,$2y$10$o5g3uSPxMY7/QfRErCP8fufH3NLSJivnfhvGgbf7HrIByL6FvsGwS,1
228,35a1e5db-7ead-43ca-a326-2e2b4d5ffa262,Paralegal 1 Team 25,,paralegal1_team25@moka.ol  ,,Paralegal,0,$2y$10$o5g3uSPxMY7/QfRErCP8fufH3NLSJivnfhvGgbf7HrIByL6FvsGwS,1
229,35a1e5db-7ead-43ca-a326-2e2b4d5ffa263,Paralegal 1 Team 26,,paralegal1_team26@moka.ol  ,,Paralegal,0,$2y$10$o5g3uSPxMY7/QfRErCP8fufH3NLSJivnfhvGgbf7HrIByL6FvsGwS,1
230,35a1e5db-7ead-43ca-a326-2e2b4d5ffa264,Paralegal 1 Team 27,,paralegal1_team27@moka.ol  ,,Paralegal,0,$2y$10$o5g3uSPxMY7/QfRErCP8fufH3NLSJivnfhvGgbf7HrIByL6FvsGwS,1
231,35a1e5db-7ead-43ca-a326-2e2b4d5ffa265,Paralegal 1 Team 28,,paralegal1_team28@moka.ol  ,,Paralegal,0,$2y$10$o5g3uSPxMY7/QfRErCP8fufH3NLSJivnfhvGgbf7HrIByL6FvsGwS,1
232,35a1e5db-7ead-43ca-a326-2e2b4d5ffa266,Paralegal 1 Team 29,,paralegal1_team29@moka.ol  ,,Paralegal,0,$2y$10$o5g3uSPxMY7/QfRErCP8fufH3NLSJivnfhvGgbf7HrIByL6FvsGwS,1
233,35a1e5db-7ead-43ca-a326-2e2b4d5ffa267,Paralegal 2 Team 1,,paralegal2_team1@moka.ol  ,,Paralegal,0,$2y$10$o5g3uSPxMY7/QfRErCP8fufH3NLSJivnfhvGgbf7HrIByL6FvsGwS,1
234,35a1e5db-7ead-43ca-a326-2e2b4d5ffa268,Paralegal 2 Team 2,,paralegal2_team2@moka.ol  ,,Paralegal,0,$2y$10$o5g3uSPxMY7/QfRErCP8fufH3NLSJivnfhvGgbf7HrIByL6FvsGwS,1
235,35a1e5db-7ead-43ca-a326-2e2b4d5ffa269,Paralegal 2 Team 3,,paralegal2_team3@moka.ol  ,,Paralegal,0,$2y$10$o5g3uSPxMY7/QfRErCP8fufH3NLSJivnfhvGgbf7HrIByL6FvsGwS,1
236,35a1e5db-7ead-43ca-a326-2e2b4d5ffa270,Paralegal 2 Team 4,,paralegal2_team4@moka.ol  ,,Paralegal,0,$2y$10$o5g3uSPxMY7/QfRErCP8fufH3NLSJivnfhvGgbf7HrIByL6FvsGwS,1
237,35a1e5db-7ead-43ca-a326-2e2b4d5ffa271,Paralegal 2 Team 5,,paralegal2_team5@moka.ol  ,,Paralegal,0,$2y$10$o5g3uSPxMY7/QfRErCP8fufH3NLSJivnfhvGgbf7HrIByL6FvsGwS,1
238,35a1e5db-7ead-43ca-a326-2e2b4d5ffa272,Paralegal 2 Team 6,,paralegal2_team6@moka.ol  ,,Paralegal,0,$2y$10$o5g3uSPxMY7/QfRErCP8fufH3NLSJivnfhvGgbf7HrIByL6FvsGwS,1
239,35a1e5db-7ead-43ca-a326-2e2b4d5ffa273,Paralegal 2 Team 7,,paralegal2_team7@moka.ol  ,,Paralegal,0,$2y$10$o5g3uSPxMY7/QfRErCP8fufH3NLSJivnfhvGgbf7HrIByL6FvsGwS,1
240,35a1e5db-7ead-43ca-a326-2e2b4d5ffa274,Paralegal 2 Team 8,,paralegal2_team8@moka.ol  ,,Paralegal,0,$2y$10$o5g3uSPxMY7/QfRErCP8fufH3NLSJivnfhvGgbf7HrIByL6FvsGwS,1
241,35a1e5db-7ead-43ca-a326-2e2b4d5ffa275,Paralegal 2 Team 9,,paralegal2_team9@moka.ol  ,,Paralegal,0,$2y$10$o5g3uSPxMY7/QfRErCP8fufH3NLSJivnfhvGgbf7HrIByL6FvsGwS,1
242,35a1e5db-7ead-43ca-a326-2e2b4d5ffa276,Paralegal 2 Team 10,,paralegal2_team10@moka.ol  ,,Paralegal,0,$2y$10$o5g3uSPxMY7/QfRErCP8fufH3NLSJivnfhvGgbf7HrIByL6FvsGwS,1
243,35a1e5db-7ead-43ca-a326-2e2b4d5ffa277,Paralegal 2 Team 11,,paralegal2_team11@moka.ol  ,,Paralegal,0,$2y$10$o5g3uSPxMY7/QfRErCP8fufH3NLSJivnfhvGgbf7HrIByL6FvsGwS,1
244,35a1e5db-7ead-43ca-a326-2e2b4d5ffa278,Paralegal 2 Team 12,,paralegal2_team12@moka.ol  ,,Paralegal,0,$2y$10$o5g3uSPxMY7/QfRErCP8fufH3NLSJivnfhvGgbf7HrIByL6FvsGwS,1
245,35a1e5db-7ead-43ca-a326-2e2b4d5ffa279,Paralegal 2 Team 13,,paralegal2_team13@moka.ol  ,,Paralegal,0,$2y$10$o5g3uSPxMY7/QfRErCP8fufH3NLSJivnfhvGgbf7HrIByL6FvsGwS,1
246,35a1e5db-7ead-43ca-a326-2e2b4d5ffa280,Paralegal 2 Team 14,,paralegal2_team14@moka.ol  ,,Paralegal,0,$2y$10$o5g3uSPxMY7/QfRErCP8fufH3NLSJivnfhvGgbf7HrIByL6FvsGwS,1
247,35a1e5db-7ead-43ca-a326-2e2b4d5ffa281,Paralegal 2 Team 15,,paralegal2_team15@moka.ol  ,,Paralegal,0,$2y$10$o5g3uSPxMY7/QfRErCP8fufH3NLSJivnfhvGgbf7HrIByL6FvsGwS,1
248,35a1e5db-7ead-43ca-a326-2e2b4d5ffa282,Paralegal 2 Team 16,,paralegal2_team16@moka.ol  ,,Paralegal,0,$2y$10$o5g3uSPxMY7/QfRErCP8fufH3NLSJivnfhvGgbf7HrIByL6FvsGwS,1
249,35a1e5db-7ead-43ca-a326-2e2b4d5ffa283,Paralegal 2 Team 17,,paralegal2_team17@moka.ol  ,,Paralegal,0,$2y$10$o5g3uSPxMY7/QfRErCP8fufH3NLSJivnfhvGgbf7HrIByL6FvsGwS,1
250,35a1e5db-7ead-43ca-a326-2e2b4d5ffa284,Paralegal 2 Team 18,,paralegal2_team18@moka.ol  ,,Paralegal,0,$2y$10$o5g3uSPxMY7/QfRErCP8fufH3NLSJivnfhvGgbf7HrIByL6FvsGwS,1
251,35a1e5db-7ead-43ca-a326-2e2b4d5ffa285,Paralegal 2 Team 19,,paralegal2_team19@moka.ol  ,,Paralegal,0,$2y$10$o5g3uSPxMY7/QfRErCP8fufH3NLSJivnfhvGgbf7HrIByL6FvsGwS,1
252,35a1e5db-7ead-43ca-a326-2e2b4d5ffa286,Paralegal 2 Team 20,,paralegal2_team20@moka.ol  ,,Paralegal,0,$2y$10$o5g3uSPxMY7/QfRErCP8fufH3NLSJivnfhvGgbf7HrIByL6FvsGwS,1
253,35a1e5db-7ead-43ca-a326-2e2b4d5ffa287,Paralegal 2 Team 21,,paralegal2_team21@moka.ol  ,,Paralegal,0,$2y$10$o5g3uSPxMY7/QfRErCP8fufH3NLSJivnfhvGgbf7HrIByL6FvsGwS,1
254,35a1e5db-7ead-43ca-a326-2e2b4d5ffa288,Paralegal 2 Team 22,,paralegal2_team22@moka.ol  ,,Paralegal,0,$2y$10$o5g3uSPxMY7/QfRErCP8fufH3NLSJivnfhvGgbf7HrIByL6FvsGwS,1
255,35a1e5db-7ead-43ca-a326-2e2b4d5ffa289,Paralegal 2 Team 23,,paralegal2_team23@moka.ol  ,,Paralegal,0,$2y$10$o5g3uSPxMY7/QfRErCP8fufH3NLSJivnfhvGgbf7HrIByL6FvsGwS,1
256,35a1e5db-7ead-43ca-a326-2e2b4d5ffa290,Paralegal 2 Team 24,,paralegal2_team24@moka.ol  ,,Paralegal,0,$2y$10$o5g3uSPxMY7/QfRErCP8fufH3NLSJivnfhvGgbf7HrIByL6FvsGwS,1
257,35a1e5db-7ead-43ca-a326-2e2b4d5ffa291,Paralegal 2 Team 25,,paralegal2_team25@moka.ol  ,,Paralegal,0,$2y$10$o5g3uSPxMY7/QfRErCP8fufH3NLSJivnfhvGgbf7HrIByL6FvsGwS,1
258,35a1e5db-7ead-43ca-a326-2e2b4d5ffa292,Paralegal 2 Team 26,,paralegal2_team26@moka.ol  ,,Paralegal,0,$2y$10$o5g3uSPxMY7/QfRErCP8fufH3NLSJivnfhvGgbf7HrIByL6FvsGwS,1
259,35a1e5db-7ead-43ca-a326-2e2b4d5ffa293,Paralegal 2 Team 27,,paralegal2_team27@moka.ol  ,,Paralegal,0,$2y$10$o5g3uSPxMY7/QfRErCP8fufH3NLSJivnfhvGgbf7HrIByL6FvsGwS,1
260,35a1e5db-7ead-43ca-a326-2e2b4d5ffa294,Paralegal 2 Team 28,,paralegal2_team28@moka.ol  ,,Paralegal,0,$2y$10$o5g3uSPxMY7/QfRErCP8fufH3NLSJivnfhvGgbf7HrIByL6FvsGwS,1
261,35a1e5db-7ead-43ca-a326-2e2b4d5ffa295,Paralegal 2 Team 29,,paralegal2_team29@moka.ol  ,,Paralegal,0,$2y$10$o5g3uSPxMY7/QfRErCP8fufH3NLSJivnfhvGgbf7HrIByL6FvsGwS,1
262,35a1e5db-7ead-43ca-a326-2e2b4d5ffa296,Paralegal 3 Team 1,,paralegal3_team1@moka.ol  ,,Paralegal,0,$2y$10$o5g3uSPxMY7/QfRErCP8fufH3NLSJivnfhvGgbf7HrIByL6FvsGwS,1
263,35a1e5db-7ead-43ca-a326-2e2b4d5ffa297,Paralegal 3 Team 2,,paralegal3_team2@moka.ol  ,,Paralegal,0,$2y$10$o5g3uSPxMY7/QfRErCP8fufH3NLSJivnfhvGgbf7HrIByL6FvsGwS,1
264,35a1e5db-7ead-43ca-a326-2e2b4d5ffa298,Paralegal 3 Team 3,,paralegal3_team3@moka.ol  ,,Paralegal,0,$2y$10$o5g3uSPxMY7/QfRErCP8fufH3NLSJivnfhvGgbf7HrIByL6FvsGwS,1
265,35a1e5db-7ead-43ca-a326-2e2b4d5ffa299,Paralegal 3 Team 4,,paralegal3_team4@moka.ol  ,,Paralegal,0,$2y$10$o5g3uSPxMY7/QfRErCP8fufH3NLSJivnfhvGgbf7HrIByL6FvsGwS,1
266,35a1e5db-7ead-43ca-a326-2e2b4d5ffa300,Paralegal 3 Team 5,,paralegal3_team5@moka.ol  ,,Paralegal,0,$2y$10$o5g3uSPxMY7/QfRErCP8fufH3NLSJivnfhvGgbf7HrIByL6FvsGwS,1
267,35a1e5db-7ead-43ca-a326-2e2b4d5ffa301,Paralegal 3 Team 6,,paralegal3_team6@moka.ol  ,,Paralegal,0,$2y$10$o5g3uSPxMY7/QfRErCP8fufH3NLSJivnfhvGgbf7HrIByL6FvsGwS,1
268,35a1e5db-7ead-43ca-a326-2e2b4d5ffa302,Paralegal 3 Team 7,,paralegal3_team7@moka.ol  ,,Paralegal,0,$2y$10$o5g3uSPxMY7/QfRErCP8fufH3NLSJivnfhvGgbf7HrIByL6FvsGwS,1
269,35a1e5db-7ead-43ca-a326-2e2b4d5ffa303,Paralegal 3 Team 8,,paralegal3_team8@moka.ol  ,,Paralegal,0,$2y$10$o5g3uSPxMY7/QfRErCP8fufH3NLSJivnfhvGgbf7HrIByL6FvsGwS,1
270,35a1e5db-7ead-43ca-a326-2e2b4d5ffa304,Paralegal 3 Team 9,,paralegal3_team9@moka.ol  ,,Paralegal,0,$2y$10$o5g3uSPxMY7/QfRErCP8fufH3NLSJivnfhvGgbf7HrIByL6FvsGwS,1
271,35a1e5db-7ead-43ca-a326-2e2b4d5ffa305,Paralegal 3 Team 10,,paralegal3_team10@moka.ol  ,,Paralegal,0,$2y$10$o5g3uSPxMY7/QfRErCP8fufH3NLSJivnfhvGgbf7HrIByL6FvsGwS,1
272,35a1e5db-7ead-43ca-a326-2e2b4d5ffa306,Paralegal 3 Team 11,,paralegal3_team11@moka.ol  ,,Paralegal,0,$2y$10$o5g3uSPxMY7/QfRErCP8fufH3NLSJivnfhvGgbf7HrIByL6FvsGwS,1
273,35a1e5db-7ead-43ca-a326-2e2b4d5ffa307,Paralegal 3 Team 12,,paralegal3_team12@moka.ol  ,,Paralegal,0,$2y$10$o5g3uSPxMY7/QfRErCP8fufH3NLSJivnfhvGgbf7HrIByL6FvsGwS,1
274,35a1e5db-7ead-43ca-a326-2e2b4d5ffa308,Paralegal 3 Team 13,,paralegal3_team13@moka.ol  ,,Paralegal,0,$2y$10$o5g3uSPxMY7/QfRErCP8fufH3NLSJivnfhvGgbf7HrIByL6FvsGwS,1
275,35a1e5db-7ead-43ca-a326-2e2b4d5ffa309,Paralegal 3 Team 14,,paralegal3_team14@moka.ol  ,,Paralegal,0,$2y$10$o5g3uSPxMY7/QfRErCP8fufH3NLSJivnfhvGgbf7HrIByL6FvsGwS,1
276,35a1e5db-7ead-43ca-a326-2e2b4d5ffa310,Paralegal 3 Team 15,,paralegal3_team15@moka.ol  ,,Paralegal,0,$2y$10$o5g3uSPxMY7/QfRErCP8fufH3NLSJivnfhvGgbf7HrIByL6FvsGwS,1
277,35a1e5db-7ead-43ca-a326-2e2b4d5ffa311,Paralegal 3 Team 16,,paralegal3_team16@moka.ol  ,,Paralegal,0,$2y$10$o5g3uSPxMY7/QfRErCP8fufH3NLSJivnfhvGgbf7HrIByL6FvsGwS,1
278,35a1e5db-7ead-43ca-a326-2e2b4d5ffa312,Paralegal 3 Team 17,,paralegal3_team17@moka.ol  ,,Paralegal,0,$2y$10$o5g3uSPxMY7/QfRErCP8fufH3NLSJivnfhvGgbf7HrIByL6FvsGwS,1
279,35a1e5db-7ead-43ca-a326-2e2b4d5ffa313,Paralegal 3 Team 18,,paralegal3_team18@moka.ol  ,,Paralegal,0,$2y$10$o5g3uSPxMY7/QfRErCP8fufH3NLSJivnfhvGgbf7HrIByL6FvsGwS,1
280,35a1e5db-7ead-43ca-a326-2e2b4d5ffa314,Paralegal 3 Team 19,,paralegal3_team19@moka.ol  ,,Paralegal,0,$2y$10$o5g3uSPxMY7/QfRErCP8fufH3NLSJivnfhvGgbf7HrIByL6FvsGwS,1
281,35a1e5db-7ead-43ca-a326-2e2b4d5ffa315,Paralegal 3 Team 20,,paralegal3_team20@moka.ol  ,,Paralegal,0,$2y$10$o5g3uSPxMY7/QfRErCP8fufH3NLSJivnfhvGgbf7HrIByL6FvsGwS,1
282,35a1e5db-7ead-43ca-a326-2e2b4d5ffa316,Paralegal 3 Team 21,,paralegal3_team21@moka.ol  ,,Paralegal,0,$2y$10$o5g3uSPxMY7/QfRErCP8fufH3NLSJivnfhvGgbf7HrIByL6FvsGwS,1
283,35a1e5db-7ead-43ca-a326-2e2b4d5ffa317,Paralegal 3 Team 22,,paralegal3_team22@moka.ol  ,,Paralegal,0,$2y$10$o5g3uSPxMY7/QfRErCP8fufH3NLSJivnfhvGgbf7HrIByL6FvsGwS,1
284,35a1e5db-7ead-43ca-a326-2e2b4d5ffa318,Paralegal 3 Team 23,,paralegal3_team23@moka.ol  ,,Paralegal,0,$2y$10$o5g3uSPxMY7/QfRErCP8fufH3NLSJivnfhvGgbf7HrIByL6FvsGwS,1
285,35a1e5db-7ead-43ca-a326-2e2b4d5ffa319,Paralegal 3 Team 24,,paralegal3_team24@moka.ol  ,,Paralegal,0,$2y$10$o5g3uSPxMY7/QfRErCP8fufH3NLSJivnfhvGgbf7HrIByL6FvsGwS,1
286,35a1e5db-7ead-43ca-a326-2e2b4d5ffa320,Paralegal 3 Team 25,,paralegal3_team25@moka.ol  ,,Paralegal,0,$2y$10$o5g3uSPxMY7/QfRErCP8fufH3NLSJivnfhvGgbf7HrIByL6FvsGwS,1
287,35a1e5db-7ead-43ca-a326-2e2b4d5ffa321,Paralegal 3 Team 26,,paralegal3_team26@moka.ol  ,,Paralegal,0,$2y$10$o5g3uSPxMY7/QfRErCP8fufH3NLSJivnfhvGgbf7HrIByL6FvsGwS,1
288,35a1e5db-7ead-43ca-a326-2e2b4d5ffa322,Paralegal 3 Team 27,,paralegal3_team27@moka.ol  ,,Paralegal,0,$2y$10$o5g3uSPxMY7/QfRErCP8fufH3NLSJivnfhvGgbf7HrIByL6FvsGwS,1
289,35a1e5db-7ead-43ca-a326-2e2b4d5ffa323,Paralegal 3 Team 28,,paralegal3_team28@moka.ol  ,,Paralegal,0,$2y$10$o5g3uSPxMY7/QfRErCP8fufH3NLSJivnfhvGgbf7HrIByL6FvsGwS,1
290,35a1e5db-7ead-43ca-a326-2e2b4d5ffa324,Paralegal 3 Team 29,,paralegal3_team29@moka.ol  ,,Paralegal,0,$2y$10$o5g3uSPxMY7/QfRErCP8fufH3NLSJivnfhvGgbf7HrIByL6FvsGwS,1
291,35a1e5db-7ead-43ca-a326-2e2b4d5ffa325,Contoh Pengaduan,,pengaduan@moka.ol,,Penerima Pengaduan,0,$2y$10$o5g3uSPxMY7/QfRErCP8fufH3NLSJivnfhvGgbf7HrIByL6FvsGwS,1
292,35a1e5db-7ead-43ca-a326-2e2b4d5ffa326,Contoh Supervisor Kasus,,spv@moka.ol,,Supervisor Kasus,0,$2y$10$o5g3uSPxMY7/QfRErCP8fufH3NLSJivnfhvGgbf7HrIByL6FvsGwS,1
293,35a1e5db-7ead-43ca-a326-2e2b4d5ffa327,Contoh Manager Kasus,,mk@moka.ol,,Manajer Kasus,0,$2y$10$o5g3uSPxMY7/QfRErCP8fufH3NLSJivnfhvGgbf7HrIByL6FvsGwS,1
294,35a1e5db-7ead-43ca-a326-2e2b4d5ffa328,Contoh Konselor ,,konselor@moka.ol,,Konselor,0,$2y$10$o5g3uSPxMY7/QfRErCP8fufH3NLSJivnfhvGgbf7HrIByL6FvsGwS,1
295,35a1e5db-7ead-43ca-a326-2e2b4d5ffa329,Contoh Paralegal ,,paralegal@moka.ol,,Paralegal,0,$2y$10$o5g3uSPxMY7/QfRErCP8fufH3NLSJivnfhvGgbf7HrIByL6FvsGwS,1
296,35a1e5db-7ead-43ca-a326-2e2b4d5ffa330,Super Admin,,super@moka.ol,,Super Admin,0,$2y$10$o5g3uSPxMY7/QfRErCP8fufH3NLSJivnfhvGgbf7HrIByL6FvsGwS,1
